Campaign,Ad Group,Keyword,Match Type
DST - Catering - Jan9,Pure Veg Catering,pure veg catering,Exact
DST - Catering - Jan9,Pure Veg Catering,pure veg caterers near me,Exact
DST - Catering - Jan9,Pure Veg Catering,jain catering,Exact
DST - Catering - Jan9,Pure Veg Catering,satvik food catering,Exact
DST - Catering - Jan9,Pure Veg Catering,veg catering for party,Exact
DST - Catering - Jan9,Pure Veg Catering,veg wedding catering,Exact
DST - Catering - Jan9,Pure Veg Catering,veg housewarming catering,Exact
DST - Catering - Jan9,Pure Veg Catering,pure veg party food near me,Exact
DST - Catering - Jan9,Pure Veg Catering,veg food for 50 people,Exact
DST - Catering - Jan9,Pure Veg Catering,veg menu for function,Exact
DST - Catering - Jan9,Pure Veg Catering,pure veg catering chennai,Exact
DST - Catering - Jan9,Pure Veg Catering,pure veg catering bangalore,Exact
DST - Catering - Jan9,Pure Veg Catering,pure veg catering hyderabad,Exact
DST - Catering - Jan9,Pure Veg Catering,veg caterers chennai,Exact
DST - Catering - Jan9,Pure Veg Catering,veg caterers bangalore,Exact
DST - Catering - Jan9,Pure Veg Catering,pure veg catering,Phrase
DST - Catering - Jan9,Pure Veg Catering,veg catering services,Phrase
DST - Catering - Jan9,Pure Veg Catering,jain catering services,Phrase
DST - Catering - Jan9,Pure Veg Catering,pure veg caterers,Phrase
DST - Catering - Jan9,Pure Veg Catering,veg catering near me,Phrase
DST - Catering - Jan9,Pure Veg Catering,pure veg food catering,Broad
DST - Catering - Jan9,Pure Veg Catering,satvik catering,Broad
DST - Catering - Jan9,Pure Veg Catering,jain food catering,Broad
DST - Catering - Jan9,Pure Veg Catering,pure veg bulk order,Broad
DST - Bulk/Party,Birthday & Anniversary,birthday event packages,Exact
DST - Bulk/Party,Birthday & Anniversary,food for birthday party near me,Exact
DST - Bulk/Party,Birthday & Anniversary,homemade food for birthday party,Exact
DST - Bulk/Party,Birthday & Anniversary,veg birthday party food,Exact
DST - Bulk/Party,Birthday & Anniversary,birthday catering chennai,Exact
DST - Bulk/Party,Birthday & Anniversary,kids birthday food catering,Exact
DST - Bulk/Party,Birthday & Anniversary,best homemade food for birthday,Exact
DST - Bulk/Party,Birthday & Anniversary,anniversary celebration food,Exact
DST - Bulk/Party,Birthday & Anniversary,food for anniversary party,Exact
DST - Bulk/Party,Birthday & Anniversary,anniversary dinner catering,Exact
DST - Bulk/Party,Birthday & Anniversary,anniversary food delivery chennai,Exact
DST - Bulk/Party,Birthday & Anniversary,birthday event packages,Phrase
DST - Bulk/Party,Birthday & Anniversary,birthday catering near me,Phrase
DST - Bulk/Party,Birthday & Anniversary,anniversary food catering,Phrase
DST - Bulk/Party,Birthday & Anniversary,kids birthday party catering,Phrase
DST - Bulk/Party,Birthday & Anniversary,veg birthday catering,Phrase
DST - Bulk/Party,Birthday & Anniversary,birthday party food catering,Broad
DST - Bulk/Party,Birthday & Anniversary,homemade birthday food,Broad
DST - Bulk/Party,Birthday & Anniversary,veg food for birthday party,Broad
DST - Bulk/Party,Birthday & Anniversary,anniversary party food near me,Broad
DST - Bulk/Party,Occasion & Events,food for housewarming ceremony,Exact
DST - Bulk/Party,Occasion & Events,griha pravesh catering,Exact
DST - Bulk/Party,Occasion & Events,office party catering,Exact
DST - Bulk/Party,Occasion & Events,baby shower catering,Exact
DST - Bulk/Party,Occasion & Events,cultural wedding food,Exact
DST - Bulk/Party,Occasion & Events,south indian wedding food,Exact
DST - Bulk/Party,Occasion & Events,fancy dinner catering,Exact
DST - Bulk/Party,Occasion & Events,family dinner catering,Exact
DST - Bulk/Party,Occasion & Events,wedding celebration food,Exact
DST - Bulk/Party,Occasion & Events,housewarming food catering near me,Exact
DST - Bulk/Party,Occasion & Events,housewarming catering,Phrase
DST - Bulk/Party,Occasion & Events,office party food catering,Phrase
DST - Bulk/Party,Occasion & Events,baby shower food catering,Phrase
DST - Bulk/Party,Occasion & Events,south indian wedding catering,Phrase
DST - Bulk/Party,Occasion & Events,wedding celebration catering,Phrase
DST - Bulk/Party,Occasion & Events,fancy dinner delivery,Phrase
DST - Bulk/Party,Occasion & Events,housewarming food near me,Broad
DST - Bulk/Party,Occasion & Events,griha pravesh food catering,Broad
DST - Bulk/Party,Occasion & Events,office party food order,Broad
DST - Bulk/Party,Occasion & Events,cultural event catering,Broad
DST - Bulk/Party,Occasion & Events,family celebration food,Broad
DST - Bulk/Party,Veg Biryani,veg biryani for party,Exact
DST - Bulk/Party,Veg Biryani,veg biryani bulk order,Exact
DST - Bulk/Party,Veg Biryani,veg biryani catering,Exact
DST - Bulk/Party,Veg Biryani,veg biryani for 50 people,Exact
DST - Bulk/Party,Veg Biryani,paneer biryani catering,Exact
DST - Bulk/Party,Veg Biryani,mushroom biryani bulk order,Exact
DST - Bulk/Party,Veg Biryani,veg dum biryani catering,Exact
DST - Bulk/Party,Veg Biryani,veg biryani home delivery,Exact
DST - Bulk/Party,Veg Biryani,veg biryani catering near me,Phrase
DST - Bulk/Party,Veg Biryani,paneer biryani for party,Phrase
DST - Bulk/Party,Veg Biryani,veg biryani bulk order near me,Phrase
DST - Bulk/Party,Veg Biryani,veg biryani party order,Phrase
DST - Bulk/Party,Veg Biryani,veg biryani catering,Broad
DST - Bulk/Party,Veg Biryani,vegetable biryani bulk order,Broad
DST - Bulk/Party,Veg Biryani,veg biryani for function,Broad
DST - Bulk/Party,Veg Biryani,veg biryani party food,Broad
