Ad Group ID,Ad Group,Status,Keyword,Match Type
184013077570,Office Party,ENABLED,corporate food catering,BROAD
184013077570,Office Party,ENABLED,office catering service,EXACT
184013077570,Office Party,ENABLED,office catering companies,BROAD
184013077570,Office Party,ENABLED,corporate lunch catering,PHRASE
184013077570,Office Party,ENABLED,corporate catering near me,EXACT
184013077570,Office Party,ENABLED,best office lunch catering,EXACT
184013077570,Office Party,ENABLED,corporate catering service,BROAD
184013077570,Office Party,ENABLED,office catering near me,BROAD
184013077570,Office Party,ENABLED,team lunch catering,EXACT
184013077570,Office Party,ENABLED,office event catering,EXACT
184013077570,Office Party,ENABLED,office party food,EXACT
184013077570,Office Party,ENABLED,corporate lunch delivery,BROAD
184013077570,Office Party,ENABLED,office catering chennai,PHRASE
184013077570,Office Party,ENABLED,affordable office catering,EXACT
184013077570,Office Party,ENABLED,corporate catering services near me,EXACT
184013077570,Office Party,ENABLED,office lunch catering near me,EXACT
184013077570,Office Party,ENABLED,office food platters,EXACT
184013077570,Office Party,ENABLED,office party food delivery,EXACT
184013077570,Office Party,ENABLED,corporate party food,EXACT
184013077570,Office Party,ENABLED,Office Party,EXACT
184013077570,Office Party,ENABLED,corporate bulk food order,EXACT
184013077570,Office Party,ENABLED,corporate catering chennai,EXACT
184013077570,Office Party,ENABLED,office party food catering,EXACT
184013077570,Office Party,ENABLED,small office party catering,EXACT
184013077570,Office Party,ENABLED,corporate lunch catering near me,BROAD
184013077570,Office Party,ENABLED,team event catering,PHRASE
184013077570,Office Party,ENABLED,workplace catering companies,BROAD
184013077570,Office Party,ENABLED,snacks for office event,EXACT
184013077570,Office Party,ENABLED,office get together food,EXACT
184013077570,Office Party,ENABLED,where to order home cooked food for office party,BROAD
184013077570,Office Party,ENABLED,order homemade food for office party,EXACT
184013077570,Office Party,ENABLED,homemade food suppliers for office events,EXACT
184013077570,Office Party,ENABLED,bulk food order for office,EXACT
184013077570,Office Party,ENABLED,home kitchen catering for companies,EXACT
184013077570,Office Party,ENABLED,homemade lunch for office,EXACT
184013077570,Office Party,ENABLED,office event meal delivery,EXACT
184013077570,Office Party,ENABLED,food for team celebration,EXACT
184013077570,Office Party,ENABLED,office party lunch menu,EXACT
184013077570,Office Party,ENABLED,authentic south indian food for office events,EXACT
184013077570,Office Party,ENABLED,home cooked food for office event,EXACT
184013077570,Office Party,ENABLED,bulk lunch order for office,EXACT
184013077570,Office Party,ENABLED,food for employee gathering,EXACT
184013077570,Office Party,ENABLED,food for office celebration,EXACT
184013077570,Office Party,ENABLED,south indian meal for team lunch,EXACT
184013077570,Office Party,ENABLED,healthy home food for office,EXACT
184013077570,Office Party,ENABLED,authentic homemade food for corporate parties,EXACT
184013077570,Office Party,ENABLED,office party buffet food,EXACT
184013077570,Office Party,ENABLED,bulk order south indian food for office,EXACT
184013077570,Office Party,ENABLED,bulk thali delivery for office,EXACT
184013077570,Office Party,ENABLED,affordable south indian catering for office,EXACT
184013077570,Office Party,ENABLED,home cooked food delivery for employees,EXACT
184013077570,Office Party,ENABLED,office lunch bulk order,EXACT
184013077570,Office Party,ENABLED,homemade dinner for office party,EXACT
184013077570,Office Party,ENABLED,food for client meeting or office event,EXACT
186029681182,Naming Ceremony,ENABLED,party catering,PHRASE
186029681182,Naming Ceremony,ENABLED,catering for parties,PHRASE
186029681182,Naming Ceremony,ENABLED,dinner party catering,PHRASE
186029681182,Naming Ceremony,ENABLED,party food catering,PHRASE
186029681182,Naming Ceremony,ENABLED,catering for home parties,PHRASE
186029681182,Naming Ceremony,ENABLED,order party food,PHRASE
186029681182,Naming Ceremony,ENABLED,order party platters,PHRASE
186029681182,Naming Ceremony,ENABLED,food to cater for parties,PHRASE
186029681182,Naming Ceremony,ENABLED,party food catering near me,PHRASE
186029681182,Naming Ceremony,ENABLED,birthday catering near me,PHRASE
186029681182,Naming Ceremony,ENABLED,birthday party catering near me,PHRASE
186029681182,Naming Ceremony,ENABLED,catering for small party,PHRASE
186029681182,Naming Ceremony,ENABLED,party catering near me,PHRASE
186029681182,Naming Ceremony,ENABLED,valaikappu catering in chennai,PHRASE
186029681182,Naming Ceremony,ENABLED,party food near me,PHRASE
186029681182,Naming Ceremony,ENABLED,naming ceremony catering,EXACT
186029681182,Naming Ceremony,ENABLED,seemantham catering chennai,PHRASE
186029681182,Naming Ceremony,ENABLED,small event catering near me,PHRASE
186029681182,Naming Ceremony,ENABLED,seemantham catering in chennai,PHRASE
186029681182,Naming Ceremony,ENABLED,namakaranam food delivery,EXACT
186029681182,Naming Ceremony,ENABLED,home cooked food for baby naming,EXACT
186029681182,Naming Ceremony,ENABLED,home food for baby function,EXACT
186029681182,Naming Ceremony,ENABLED,south indian food for naming function,EXACT
186029681182,Naming Ceremony,ENABLED,homemade food for pooja function,EXACT
186029681182,Naming Ceremony,ENABLED,thottil pooja food order,EXACT
186029681182,Naming Ceremony,ENABLED,traditional food for baby ceremony,EXACT
186029681182,Naming Ceremony,ENABLED,naming ceremony catering chennai,PHRASE
186029681182,Naming Ceremony,ENABLED,food for naming ceremony,EXACT
186029681182,Naming Ceremony,ENABLED,valaikappu food order chennai,PHRASE
186029681182,Naming Ceremony,ENABLED,ear piercing ceremony food,PHRASE
186029681182,Naming Ceremony,ENABLED,catering for thottil pooja near me,EXACT
186029681182,Naming Ceremony,ENABLED,thread ceremony food order,PHRASE
186029681182,Naming Ceremony,ENABLED,namakaranam catering,EXACT
186029681182,Naming Ceremony,ENABLED,namakarana catering,EXACT
186029681182,Naming Ceremony,ENABLED,naming day catering,EXACT
186029681182,Naming Ceremony,ENABLED,puberty function catering chennai,PHRASE
186590189457,Birthday Event,ENABLED,birthday catering,BROAD
186590189457,Birthday Event,ENABLED,birthday party catering,EXACT
186590189457,Birthday Event,ENABLED,food for birthday party,PHRASE
186590189457,Birthday Event,ENABLED,food for birthday party,EXACT
186590189457,Birthday Event,ENABLED,birthday party food catering,EXACT
186590189457,Birthday Event,ENABLED,kids birthday catering,EXACT
186590189457,Birthday Event,ENABLED,birthday party food catering services,BROAD
186590189457,Birthday Event,ENABLED,kids birthday party catering,PHRASE
186590189457,Birthday Event,ENABLED,birthday party food delivery,EXACT
186590189457,Birthday Event,ENABLED,1st birthday catering,PHRASE
186590189457,Birthday Event,ENABLED,best food for birthday party,BROAD
186590189457,Birthday Event,ENABLED,marriage function catering,BROAD
186590189457,Birthday Event,ENABLED,birthday catering service,EXACT
186590189457,Birthday Event,ENABLED,catering for birthday party near me,PHRASE
186590189457,Birthday Event,ENABLED,small party caterers in chennai,BROAD
186590189457,Birthday Event,ENABLED,home catering delivery,BROAD
186590189457,Birthday Event,ENABLED,food catering home delivery,PHRASE
186590189457,Birthday Event,ENABLED,menu for birthday party at home,EXACT
186590189457,Birthday Event,ENABLED,party food order near me,EXACT
186590189457,Birthday Event,ENABLED,catering for small birthday party,EXACT
186590189457,Birthday Event,ENABLED,birthday catering chennai,EXACT
186590189457,Birthday Event,ENABLED,birthday catering ideas,EXACT
186590189457,Birthday Event,ENABLED,affordable birthday catering,EXACT
186590189457,Birthday Event,ENABLED,homemade snacks for birthday party,EXACT
186590189457,Birthday Event,ENABLED,small birthday party catering,EXACT
186590189457,Birthday Event,ENABLED,food for birthday event,EXACT
186590189457,Birthday Event,ENABLED,best food to cater for birthday party,EXACT
186590189457,Birthday Event,ENABLED,catering services Bangalore,BROAD
186590189457,Birthday Event,ENABLED,food for birthday party near me,BROAD
186590189457,Birthday Event,ENABLED,catering services Hyderabad,BROAD
186590189457,Birthday Event,ENABLED,griha pravesh catering,BROAD
186590189457,Birthday Event,ENABLED,homemade food for birthday party,PHRASE
186590189457,Birthday Event,ENABLED,birthday food at home,PHRASE
186590189457,Birthday Event,ENABLED,birthday party catering Hyderabad,BROAD
186590189457,Birthday Event,ENABLED,catering for birthday party Bangalore,BROAD
186590189457,Birthday Event,ENABLED,best homemade food for birthday,EXACT
186590189457,Birthday Event,ENABLED,bulk food order for birthday,EXACT
186590189457,Birthday Event,ENABLED,home food for birthday celebration,EXACT
186590189457,Birthday Event,ENABLED,traditional food for birthday guests,EXACT
186590189457,Birthday Event,ENABLED,catering for birthday party Hyderabad,BROAD
186590189457,Birthday Event,ENABLED,south indian food for birthday party,EXACT
186590189457,Birthday Event,ENABLED,homemade food for kids birthday,EXACT
186590189457,Birthday Event,ENABLED,birthday catering near me Bangalore,BROAD
186590189457,Birthday Event,ENABLED,food for birthday party Bangalore,BROAD
186590189457,Birthday Event,ENABLED,birthday party food order Bangalore,BROAD
186590189457,Birthday Event,ENABLED,birthday catering home delivery Bangalore,BROAD
186590189457,Birthday Event,ENABLED,birthday party catering services Bangalore,BROAD
186590189457,Birthday Event,ENABLED,birthday lunch catering Bangalore,BROAD
186590189457,Birthday Event,ENABLED,home food order for birthday Hyderabad,BROAD
186590189457,Birthday Event,ENABLED,catering near me Hyderabad,BROAD
186590189457,Birthday Event,ENABLED,birthday catering near me Hyderabad,BROAD
186590189457,Birthday Event,ENABLED,food for birthday party Hyderabad,BROAD
186590189457,Birthday Event,ENABLED,birthday dinner catering Hyderabad,BROAD
186590189457,Birthday Event,ENABLED,birthday party food order Hyderabad,BROAD
186590189457,Birthday Event,ENABLED,birthday lunch catering Hyderabad,BROAD
186590189457,Birthday Event,ENABLED,birthday catering home delivery Hyderabad,BROAD
186590189457,Birthday Event,ENABLED,birthday party catering services Hyderabad,BROAD
186590189457,Birthday Event,ENABLED,home food order for birthday Bangalore,BROAD
186590189457,Birthday Event,ENABLED,birthday party home food Chennai,BROAD
186590189457,Birthday Event,ENABLED,birthday dinner catering Bangalore,BROAD
186590189457,Birthday Event,ENABLED,birthday party food chennai,PHRASE
186590189457,Birthday Event,ENABLED,birthday party catering home,PHRASE
186590189457,Birthday Event,ENABLED,veg birthday party food,PHRASE
186590189457,Birthday Event,ENABLED,home food order for birthday,BROAD
186590189457,Birthday Event,ENABLED,birthday party food order Chennai,BROAD
186590189457,Birthday Event,ENABLED,birthday catering home delivery,BROAD
186590189457,Birthday Event,ENABLED,birthday lunch catering Chennai,BROAD
186590189457,Birthday Event,ENABLED,birthday dinner food order,BROAD
186590189457,Birthday Event,ENABLED,birthday catering for 30 guests,PHRASE
186590189457,Birthday Event,ENABLED,birthday food for 20 people,EXACT
188285601506,Anniversary Event,ENABLED,private party catering,PHRASE
188285601506,Anniversary Event,ENABLED,private dinner party catering,PHRASE
188285601506,Anniversary Event,ENABLED,indian party catering,PHRASE
188285601506,Anniversary Event,ENABLED,private event catering,PHRASE
188285601506,Anniversary Event,ENABLED,indian food catering for birthday parties,PHRASE
188285601506,Anniversary Event,ENABLED,party order menu,BROAD
188285601506,Anniversary Event,ENABLED,tea party catering,PHRASE
188285601506,Anniversary Event,ENABLED,traditional south indian catering,PHRASE
188285601506,Anniversary Event,ENABLED,catering for 20 people,PHRASE
188285601506,Anniversary Event,ENABLED,indian caterers for small parties,PHRASE
188285601506,Anniversary Event,ENABLED,food for 50 people,EXACT
188285601506,Anniversary Event,ENABLED,catering for 10 people,EXACT
188285601506,Anniversary Event,ENABLED,catering for 15 people,EXACT
188285601506,Anniversary Event,ENABLED,catering for 40 people,EXACT
188285601506,Anniversary Event,ENABLED,catering for afternoon tea party,PHRASE
188285601506,Anniversary Event,ENABLED,catering for 50 people,PHRASE
188285601506,Anniversary Event,ENABLED,food for anniversary party,EXACT
188285601506,Anniversary Event,ENABLED,birthday party food boxes,PHRASE
188285601506,Anniversary Event,ENABLED,catering for 25 people,EXACT
188285601506,Anniversary Event,ENABLED,food for 30 guests,EXACT
188285601506,Anniversary Event,ENABLED,home catering delivery,BROAD
188285601506,Anniversary Event,ENABLED,anniversary catering service,EXACT
188285601506,Anniversary Event,ENABLED,tea party catering near me,PHRASE
188285601506,Anniversary Event,ENABLED,indian party catering near me,PHRASE
188285601506,Anniversary Event,ENABLED,party food for 50 people,EXACT
188285601506,Anniversary Event,ENABLED,office lunch catering services,PHRASE
188285601506,Anniversary Event,ENABLED,private catering at home,PHRASE
188285601506,Anniversary Event,ENABLED,private event catering near me,PHRASE
188285601506,Anniversary Event,ENABLED,wedding anniversary catering,PHRASE
188285601506,Anniversary Event,ENABLED,catering for 30 people,EXACT
188285601506,Anniversary Event,ENABLED,private party catering near me,PHRASE
188285601506,Anniversary Event,ENABLED,marriage function catering,PHRASE
188285601506,Anniversary Event,ENABLED,indian party food catering,PHRASE
188285601506,Anniversary Event,ENABLED,party orders near me,BROAD
188285601506,Anniversary Event,ENABLED,tea party food catering,PHRASE
188285601506,Anniversary Event,ENABLED,home party catering services,PHRASE
188285601506,Anniversary Event,ENABLED,indian caterers for small parties near me,PHRASE
188285601506,Anniversary Event,ENABLED,indian catering for home parties,PHRASE
188285601506,Anniversary Event,ENABLED,private catering for small parties,PHRASE
188285601506,Anniversary Event,ENABLED,party orders undertaken,BROAD
188285601506,Anniversary Event,ENABLED,small party indian catering,PHRASE
188285601506,Anniversary Event,ENABLED,indian food catering for small party,PHRASE
188285601506,Anniversary Event,ENABLED,shero home food,BROAD
188285601506,Anniversary Event,ENABLED,indian catering near me for party,PHRASE
188285601506,Anniversary Event,ENABLED,food for 50 guests,EXACT
188285601506,Anniversary Event,ENABLED,anniversary celebration food,EXACT
188285601506,Anniversary Event,ENABLED,food for wedding anniversary,EXACT
188285601506,Anniversary Event,ENABLED,party orders undertaken near me,BROAD
188285601506,Anniversary Event,ENABLED,food for 20 guests,EXACT
188285601506,Anniversary Event,ENABLED,25th anniversary catering,PHRASE
188285601506,Anniversary Event,ENABLED,tea party food near me,PHRASE
188285601506,Anniversary Event,ENABLED,www shero home food com,BROAD
188285601506,Anniversary Event,ENABLED,party order available,BROAD
188285601506,Anniversary Event,ENABLED,birthday party catering Bangalore,PHRASE
188285601506,Anniversary Event,ENABLED,party order accepted,BROAD
188285601506,Anniversary Event,ENABLED,home food for anniversary dinner,EXACT
188285601506,Anniversary Event,ENABLED,homemade food for anniversary party,EXACT
188285601506,Anniversary Event,ENABLED,catering for small anniversary function,EXACT
188285601506,Anniversary Event,ENABLED,anniversary party catering Bangalore,PHRASE
188285601506,Anniversary Event,ENABLED,food for anniversary party Bangalore,PHRASE
188285601506,Anniversary Event,ENABLED,anniversary celebration food Bangalore,PHRASE
188285601506,Anniversary Event,ENABLED,anniversary dinner catering Bangalore,PHRASE
188285601506,Anniversary Event,ENABLED,bulk food delivery for party,PHRASE
188285601506,Anniversary Event,ENABLED,pure veg party catering,PHRASE
188285601506,Anniversary Event,ENABLED,mini tiffin for small functions,PHRASE
188285601506,Anniversary Event,ENABLED,authentic home cooked catering,PHRASE
188285601506,Anniversary Event,ENABLED,catering services for house warming party,PHRASE
188285601506,Anniversary Event,ENABLED,small party catering for 50 people,PHRASE
188285601506,Anniversary Event,ENABLED,affordable party food delivery,PHRASE
188285601506,Anniversary Event,ENABLED,anniversary catering chennai,EXACT
188285601506,Anniversary Event,ENABLED,anniversary food delivery chennai,EXACT
188285601506,Anniversary Event,ENABLED,anniversary food catering,PHRASE
188285601506,Anniversary Event,ENABLED,veg anniversary catering,PHRASE
188285601506,Anniversary Event,ENABLED,anniversary party food at home,PHRASE
188285601506,Anniversary Event,ENABLED,50th anniversary catering veg,PHRASE
188820153277,Home Party,ENABLED,home party,EXACT
188820153277,Home Party,ENABLED,home party catering,PHRASE
188820153277,Home Party,ENABLED,home party catering,EXACT
188820153277,Home Party,ENABLED,house party catering,PHRASE
188820153277,Home Party,ENABLED,catering companies in chennai,BROAD
188820153277,Home Party,ENABLED,catering for small group,PHRASE
188820153277,Home Party,ENABLED,catering in chennai,BROAD
188820153277,Home Party,ENABLED,top caterers in chennai,BROAD
188820153277,Home Party,ENABLED,small function catering,EXACT
188820153277,Home Party,ENABLED,food for small gathering,BROAD
188820153277,Home Party,ENABLED,food for small party,PHRASE
188820153277,Home Party,ENABLED,catering for parties at home,BROAD
188820153277,Home Party,ENABLED,catering services in chennai,PHRASE
188820153277,Home Party,ENABLED,marriage function catering,BROAD
188820153277,Home Party,ENABLED,home party food,EXACT
188820153277,Home Party,ENABLED,small party food catering,BROAD
188820153277,Home Party,ENABLED,catering services for home parties,BROAD
188820153277,Home Party,ENABLED,small party catering near me,EXACT
188820153277,Home Party,ENABLED,best caterers in Bangalore,BROAD
188820153277,Home Party,ENABLED,catering for home party,PHRASE
188820153277,Home Party,ENABLED,party food order near me,EXACT
188820153277,Home Party,ENABLED,best caterers in Hyderabad,BROAD
188820153277,Home Party,ENABLED,home party catering near me,BROAD
188820153277,Home Party,ENABLED,homemade food catering near me,EXACT
188820153277,Home Party,ENABLED,small gathering catering,PHRASE
188820153277,Home Party,ENABLED,home party catering service,PHRASE
188820153277,Home Party,ENABLED,catering services for small party,BROAD
188820153277,Home Party,ENABLED,homemade food for party,EXACT
188820153277,Home Party,ENABLED,mini catering service,EXACT
188820153277,Home Party,ENABLED,catering at home for a party,BROAD
188820153277,Home Party,ENABLED,catering services Hyderabad,BROAD
188820153277,Home Party,ENABLED,griha pravesh catering,BROAD
188820153277,Home Party,ENABLED,south indian food for party,EXACT
188820153277,Home Party,ENABLED,small party catering at home,PHRASE
188820153277,Home Party,ENABLED,intimate dinner catering,EXACT
188820153277,Home Party,ENABLED,catering service Bangalore,BROAD
188820153277,Home Party,ENABLED,best wedding caterers Hyderabad,BROAD
188820153277,Home Party,ENABLED,intimate event catering,PHRASE
188820153277,Home Party,ENABLED,affordable catering Bangalore,BROAD
188820153277,Home Party,ENABLED,function catering Bangalore,BROAD
188820153277,Home Party,ENABLED,catering near me Bangalore,BROAD
188820153277,Home Party,ENABLED,home cooked food for party,EXACT
188820153277,Home Party,ENABLED,best homemade food home delivery near me,PHRASE
188820153277,Home Party,ENABLED,bulk home food order,EXACT
188820153277,Home Party,ENABLED,order home food for party,EXACT
188820153277,Home Party,ENABLED,party catering home food,EXACT
188820153277,Home Party,ENABLED,party food bulk order,EXACT
188820153277,Home Party,ENABLED,home catering services Hyderabad,BROAD
188820153277,Home Party,ENABLED,affordable catering Hyderabad,BROAD
188820153277,Home Party,ENABLED,catering for birthday party Hyderabad,BROAD
188820153277,Home Party,ENABLED,home get together catering,PHRASE
188820153277,Home Party,ENABLED,new home celebration food Bangalore,BROAD
188820153277,Home Party,ENABLED,best homemade food home delivery near me Hyderabad,BROAD
188820153277,Home Party,ENABLED,home cooked food for party Hyderabad,BROAD
188820153277,Home Party,ENABLED,homemade food delivery for party Hyderabad,BROAD
188820153277,Home Party,ENABLED,home style food for get together Hyderabad,BROAD
188820153277,Home Party,ENABLED,homemade party food near me Hyderabad,BROAD
188820153277,Home Party,ENABLED,home cooked food for function Hyderabad,BROAD
188820153277,Home Party,ENABLED,catering near me Hyderabad,BROAD
188820153277,Home Party,ENABLED,home catering near me Hyderabad,BROAD
188820153277,Home Party,ENABLED,veg caterers near me Hyderabad,BROAD
188820153277,Home Party,ENABLED,catering for party Hyderabad,BROAD
188820153277,Home Party,ENABLED,small party caterers Hyderabad,BROAD
188820153277,Home Party,ENABLED,wedding biryani catering Hyderabad,BROAD
188820153277,Home Party,ENABLED,function catering Hyderabad,BROAD
188820153277,Home Party,ENABLED,home style food delivery for function,BROAD
188820153277,Home Party,ENABLED,best homemade food home delivery near me Bangalore,BROAD
188820153277,Home Party,ENABLED,homemade food delivery for party Bangalore,BROAD
188820153277,Home Party,ENABLED,home style food for get together Bangalore,BROAD
188820153277,Home Party,ENABLED,homemade party food near me Bangalore,BROAD
188820153277,Home Party,ENABLED,home cooked food for party Bangalore,BROAD
188820153277,Home Party,ENABLED,homemade food delivery for party,BROAD
188820153277,Home Party,ENABLED,bulk party food chennai,EXACT
188820153277,Home Party,ENABLED,home party food chennai,PHRASE
188820153277,Home Party,ENABLED,home party food order,PHRASE
188820153277,Home Party,ENABLED,veg party catering home,EXACT
188820153277,Home Party,ENABLED,home cooked food for get together,BROAD
188820153277,Home Party,ENABLED,homemade party food near me,BROAD
188820153277,Home Party,ENABLED,new home celebration food order,BROAD
188820153277,Home Party,ENABLED,home cooked food for function Bangalore,BROAD
188820153277,Home Party,ENABLED,home catering near me Bangalore,BROAD
188820153277,Home Party,ENABLED,veg caterers near me Bangalore,BROAD
188820153277,Home Party,ENABLED,home catering services Bangalore,BROAD
188820153277,Home Party,ENABLED,catering for party Bangalore,BROAD
188820153277,Home Party,ENABLED,wedding biryani catering Bangalore,BROAD
188820153277,Home Party,ENABLED,home party food for 20 people,EXACT
188820153277,Home Party,ENABLED,small family gathering catering,EXACT
188820153277,Home Party,ENABLED,house party catering for 20,EXACT
188820153277,Home Party,ENABLED,small function food,PHRASE
188820153277,Home Party,ENABLED,small event food order,BROAD
188820153277,Home Party,ENABLED,catering for few people,BROAD
191537275169,Baby Shower,ENABLED,baby shower catering,EXACT
191537275169,Baby Shower,ENABLED,baby shower catering near me,PHRASE
191537275169,Baby Shower,ENABLED,seemantham catering,EXACT
191537275169,Baby Shower,ENABLED,baby shower catering chennai,EXACT
191537275169,Baby Shower,ENABLED,valaikappu catering,EXACT
191537275169,Baby Shower,ENABLED,homemade food for auspicious occasions,EXACT
191537275169,Baby Shower,ENABLED,prasadam style food delivery,EXACT
191537275169,Baby Shower,ENABLED,homemade food for pregnancy ceremony,EXACT
191537275169,Baby Shower,ENABLED,traditional south indian meal for seemantham,EXACT
191537275169,Baby Shower,ENABLED,food for baby shower function,EXACT
191537275169,Baby Shower,ENABLED,home cooked food for seemantham,EXACT
191537275169,Baby Shower,ENABLED,traditional food for seemantham,EXACT
191537275169,Baby Shower,ENABLED,pure veg thali for baby shower,EXACT
191537275169,Baby Shower,ENABLED,south indian food for baby shower,EXACT
191537275169,Baby Shower,ENABLED,homemade food for sacred ceremonies,EXACT
191537275169,Baby Shower,ENABLED,authentic south indian food for celebrations,PHRASE
191537275169,Baby Shower,ENABLED,baby shower food at home,EXACT
191537275169,Baby Shower,ENABLED,home food for valaikappu function,EXACT
191537275169,Baby Shower,ENABLED,satvik food for seemantham,EXACT
191537275169,Baby Shower,ENABLED,traditional meals for valaikappu,EXACT
191859573314,House Warming,ENABLED,griha pravesh catering,EXACT
191859573314,House Warming,ENABLED,housewarming catering services,PHRASE
191859573314,House Warming,ENABLED,housewarming food catering,EXACT
191859573314,House Warming,ENABLED,pure veg food for housewarming,EXACT
191859573314,House Warming,ENABLED,home cooked food for griha pravesh,EXACT
191859573314,House Warming,ENABLED,pure veg thali for housewarming pooja,EXACT
191859573314,House Warming,ENABLED,satvik food for housewarming,EXACT
191859573314,House Warming,ENABLED,homemade meals for new home function,EXACT
191859573314,House Warming,ENABLED,no onion no garlic food for housewarming,EXACT
191859573314,House Warming,ENABLED,food for housewarming ceremony,EXACT
191859573314,House Warming,ENABLED,temple style food for pooja ceremony,EXACT
191859573314,House Warming,ENABLED,homemade food for pooja functions,EXACT
191859573314,House Warming,ENABLED,homemade catering for housewarming,EXACT
191859573314,House Warming,ENABLED,south indian food for new home pooja,EXACT
191859573314,House Warming,ENABLED,home food delivery for housewarming,EXACT
191859573314,House Warming,ENABLED,housewarming catering chennai,EXACT
191859573314,House Warming,ENABLED,food for griha pravesh pooja,EXACT
191859573314,House Warming,ENABLED,housewarming food chennai,EXACT
191859573314,House Warming,ENABLED,veg housewarming catering,EXACT
191859573314,House Warming,ENABLED,housewarming food near me,EXACT
191859573314,House Warming,ENABLED,griha pravesh food catering,PHRASE
191859573314,House Warming,ENABLED,authentic pooja food for griha pravesh,EXACT
191879803187,Home Pooja,ENABLED,no onion no garlic catering,EXACT
191879803187,Home Pooja,ENABLED,pooja food catering,EXACT
191879803187,Home Pooja,ENABLED,prasadam catering,EXACT
191879803187,Home Pooja,ENABLED,sattvik catering,EXACT
191879803187,Home Pooja,ENABLED,homemade meal box for pooja,EXACT
191879803187,Home Pooja,ENABLED,home cooked food for pooja,EXACT
191879803187,Home Pooja,ENABLED,book catering for home pooja,EXACT
191879803187,Home Pooja,ENABLED,south indian food for pooja,EXACT
191879803187,Home Pooja,ENABLED,bulk veg food order for rituals,EXACT
191879803187,Home Pooja,ENABLED,pure veg food for pooja,EXACT
191879803187,Home Pooja,ENABLED,homemade prasadam food,EXACT
191879803187,Home Pooja,ENABLED,pure veg catering for pooja,EXACT
191879803187,Home Pooja,ENABLED,affordable catering for family pooja,EXACT
191879803187,Home Pooja,ENABLED,satyanarayana pooja food catering,EXACT
191879803187,Home Pooja,ENABLED,home pooja food,EXACT
191879803187,Home Pooja,ENABLED,traditional pooja meals delivery,EXACT
191879803187,Home Pooja,ENABLED,satvik food for pooja,EXACT
191879803187,Home Pooja,ENABLED,homemade catering for pooja,EXACT
198427213084,Veg Biryani,PAUSED,veg biryani bulk order,EXACT
198427213084,Veg Biryani,PAUSED,veg biryani catering,EXACT
198427213084,Veg Biryani,PAUSED,veg biryani full tray price,EXACT
198427213084,Veg Biryani,PAUSED,veg biryani for 15 person,EXACT
198427213084,Veg Biryani,PAUSED,paneer biryani catering,EXACT
198427213084,Veg Biryani,PAUSED,veg biryani for 30 persons price,EXACT
198427213084,Veg Biryani,PAUSED,veg biryani for 20 persons price,EXACT
198427213084,Veg Biryani,PAUSED,veg biryani for 50 people,EXACT
198427213084,Veg Biryani,PAUSED,veg biryani catering near me,PHRASE
198427213084,Veg Biryani,PAUSED,veg biryani for party,EXACT
198427213084,Veg Biryani,PAUSED,mushroom biryani bulk order,EXACT
198427213084,Veg Biryani,PAUSED,veg dum biryani catering,EXACT
198427213084,Veg Biryani,PAUSED,paneer biryani for party,PHRASE
199845351267,Chennai Localities,PAUSED,best catering services in chennai,EXACT
199845351267,Chennai Localities,PAUSED,best caterers in chennai,EXACT
199845351267,Chennai Localities,PAUSED,caterers in chennai,EXACT
199845351267,Chennai Localities,PAUSED,catering services in chennai with price list,EXACT
199845351267,Chennai Localities,PAUSED,brahmin catering chennai,PHRASE
199845351267,Chennai Localities,PAUSED,best brahmin caterers in chennai,EXACT
199845351267,Chennai Localities,PAUSED,top 10 catering services in chennai,EXACT
199845351267,Chennai Localities,PAUSED,best brahmin catering services in chennai,EXACT
199845351267,Chennai Localities,PAUSED,best biryani caterers in chennai,EXACT
199845351267,Chennai Localities,PAUSED,best veg catering services in chennai,EXACT
199845351267,Chennai Localities,PAUSED,top catering services in chennai,EXACT
199845351267,Chennai Localities,PAUSED,catering adyar,PHRASE
199845351267,Chennai Localities,PAUSED,catering services adyar,EXACT
199845351267,Chennai Localities,PAUSED,veg catering services chennai,EXACT
199845351267,Chennai Localities,PAUSED,small party caterers in chennai,EXACT
199845351267,Chennai Localities,PAUSED,catering services tambaram,EXACT
199845351267,Chennai Localities,PAUSED,best biryani catering services in chennai,EXACT
199845351267,Chennai Localities,PAUSED,veg catering services in chennai with price list,EXACT
199845351267,Chennai Localities,PAUSED,catering services ambattur,EXACT
199845351267,Chennai Localities,PAUSED,catering services thiruvanmiyur,EXACT
199845351267,Chennai Localities,PAUSED,catering services kolathur,EXACT
199845351267,Chennai Localities,PAUSED,catering services mylapore,EXACT
199845351267,Chennai Localities,PAUSED,catering services porur,EXACT
199845351267,Chennai Localities,PAUSED,catering services t nagar,EXACT
199845351267,Chennai Localities,PAUSED,catering services besant nagar,EXACT
199845351267,Chennai Localities,PAUSED,catering anna nagar,PHRASE
199845351267,Chennai Localities,PAUSED,top 10 veg caterers in chennai,EXACT
199845351267,Chennai Localities,PAUSED,catering tambaram,PHRASE
199845351267,Chennai Localities,PAUSED,catering services anna nagar,EXACT
199845351267,Chennai Localities,PAUSED,catering services velachery,EXACT
199845351267,Chennai Localities,PAUSED,best veg caterers chennai,PHRASE
199845351267,Chennai Localities,PAUSED,catering mylapore,PHRASE
199845351267,Chennai Localities,PAUSED,pure veg caterers chennai,PHRASE
199845351267,Chennai Localities,PAUSED,catering services omr,EXACT
199845351267,Chennai Localities,PAUSED,catering velachery,PHRASE
199845351267,Chennai Localities,PAUSED,catering ambattur,PHRASE
199845351267,Chennai Localities,PAUSED,catering porur,PHRASE
199845351267,Chennai Localities,PAUSED,catering omr,PHRASE
199845585347,Pure Veg Catering,PAUSED,veg catering services,PHRASE
199845585347,Pure Veg Catering,PAUSED,pure veg caterers,PHRASE
199845585347,Pure Veg Catering,PAUSED,jain catering services,PHRASE
199845585347,Pure Veg Catering,PAUSED,pure veg catering services,EXACT
199845585347,Pure Veg Catering,PAUSED,pure veg catering,PHRASE
199845585347,Pure Veg Catering,PAUSED,jain catering,EXACT
199845585347,Pure Veg Catering,PAUSED,pure vegetarian catering,EXACT
199845585347,Pure Veg Catering,PAUSED,pure veg catering services near me,EXACT
199845585347,Pure Veg Catering,PAUSED,veg wedding catering,EXACT
199845585347,Pure Veg Catering,PAUSED,pure veg caterers near me,EXACT
199845585347,Pure Veg Catering,PAUSED,pure vegetarian catering near me,EXACT
199845585347,Pure Veg Catering,PAUSED,veg catering near me,PHRASE
199845585347,Pure Veg Catering,PAUSED,pure veg catering,EXACT
199845585347,Pure Veg Catering,PAUSED,veg menu for function,EXACT
199845585347,Pure Veg Catering,PAUSED,satvik food catering,EXACT
199845585347,Pure Veg Catering,PAUSED,pure veg party food near me,EXACT
199845585347,Pure Veg Catering,PAUSED,veg catering for party,EXACT