Campaign,Ad Group,Keyword,Match Type
DST - Bulk/Party,Anniversary Event,affordable catering Bangalore,PHRASE
DST - Bulk/Party,Anniversary Event,affordable catering Hyderabad,PHRASE
DST - Bulk/Party,Anniversary Event,affordable party food delivery,PHRASE
DST - Bulk/Party,Anniversary Event,anniversary celebration food,EXACT
DST - Bulk/Party,Anniversary Event,anniversary celebration food Bangalore,PHRASE
DST - Bulk/Party,Anniversary Event,anniversary dinner catering Bangalore,PHRASE
DST - Bulk/Party,Anniversary Event,anniversary party catering Bangalore,PHRASE
DST - Bulk/Party,Anniversary Event,authentic home cooked catering,PHRASE
DST - Bulk/Party,Anniversary Event,best caterers in Bangalore,PHRASE
DST - Bulk/Party,Anniversary Event,best caterers in Hyderabad,PHRASE
DST - Bulk/Party,Anniversary Event,best homemade food home delivery near me Bangalore,PHRASE
DST - Bulk/Party,Anniversary Event,best homemade food home delivery near me Hyderabad,PHRASE
DST - Bulk/Party,Anniversary Event,best wedding caterers Bangalore,PHRASE
DST - Bulk/Party,Anniversary Event,best wedding caterers Hyderabad,PHRASE
DST - Bulk/Party,Anniversary Event,birthday catering home delivery,PHRASE
DST - Bulk/Party,Anniversary Event,birthday catering home delivery Bangalore,PHRASE
DST - Bulk/Party,Anniversary Event,birthday catering home delivery Hyderabad,PHRASE
DST - Bulk/Party,Anniversary Event,birthday catering near me Bangalore,PHRASE
DST - Bulk/Party,Anniversary Event,birthday catering near me Hyderabad,PHRASE
DST - Bulk/Party,Anniversary Event,birthday dinner catering Bangalore,PHRASE
DST - Bulk/Party,Anniversary Event,birthday dinner catering Hyderabad,PHRASE
DST - Bulk/Party,Anniversary Event,birthday dinner food order,PHRASE
DST - Bulk/Party,Anniversary Event,birthday food for 20 people,EXACT
DST - Bulk/Party,Anniversary Event,birthday lunch catering Bangalore,PHRASE
DST - Bulk/Party,Anniversary Event,birthday lunch catering Chennai,PHRASE
DST - Bulk/Party,Anniversary Event,birthday lunch catering Hyderabad,PHRASE
DST - Bulk/Party,Anniversary Event,birthday party catering Bangalore,PHRASE
DST - Bulk/Party,Anniversary Event,birthday party catering Hyderabad,PHRASE
DST - Bulk/Party,Anniversary Event,birthday party catering services Bangalore,PHRASE
DST - Bulk/Party,Anniversary Event,birthday party catering services Hyderabad,PHRASE
DST - Bulk/Party,Anniversary Event,birthday party food boxes,PHRASE
DST - Bulk/Party,Anniversary Event,birthday party food order Bangalore,PHRASE
DST - Bulk/Party,Anniversary Event,birthday party food order Chennai,PHRASE
DST - Bulk/Party,Anniversary Event,birthday party food order Hyderabad,PHRASE
DST - Bulk/Party,Anniversary Event,birthday party home food Chennai,PHRASE
DST - Bulk/Party,Anniversary Event,bulk food delivery for party,PHRASE
DST - Bulk/Party,Anniversary Event,bulk food order for office Bangalore,PHRASE
DST - Bulk/Party,Anniversary Event,bulk food order for office Hyderabad,PHRASE
DST - Bulk/Party,Anniversary Event,catering for 10 people,EXACT
DST - Bulk/Party,Anniversary Event,catering for 15 people,EXACT
DST - Bulk/Party,Anniversary Event,catering for 20 people,PHRASE
DST - Bulk/Party,Anniversary Event,catering for 25 people,EXACT
DST - Bulk/Party,Anniversary Event,catering for 30 people,EXACT
DST - Bulk/Party,Anniversary Event,catering for 40 people,EXACT
DST - Bulk/Party,Anniversary Event,catering for 50 people,PHRASE
DST - Bulk/Party,Anniversary Event,catering for afternoon tea party,PHRASE
DST - Bulk/Party,Anniversary Event,catering for birthday party Bangalore,PHRASE
DST - Bulk/Party,Anniversary Event,catering for birthday party Hyderabad,PHRASE
DST - Bulk/Party,Anniversary Event,catering for few people,BROAD
DST - Bulk/Party,Anniversary Event,catering for party Bangalore,PHRASE
DST - Bulk/Party,Anniversary Event,catering for party Hyderabad,PHRASE
DST - Bulk/Party,Anniversary Event,catering for small anniversary function,EXACT
DST - Bulk/Party,Anniversary Event,catering for small group,PHRASE
DST - Bulk/Party,Anniversary Event,catering near me Bangalore,PHRASE
DST - Bulk/Party,Anniversary Event,catering near me Hyderabad,PHRASE
DST - Bulk/Party,Anniversary Event,catering service Bangalore,PHRASE
DST - Bulk/Party,Anniversary Event,catering services Hyderabad,PHRASE
DST - Bulk/Party,Anniversary Event,catering services for house warming party,PHRASE
DST - Bulk/Party,Anniversary Event,corporate catering Bangalore,PHRASE
DST - Bulk/Party,Anniversary Event,corporate catering Hyderabad,PHRASE
DST - Bulk/Party,Anniversary Event,corporate party food Bangalore,PHRASE
DST - Bulk/Party,Anniversary Event,corporate party food Hyderabad,PHRASE
DST - Bulk/Party,Anniversary Event,food for 20 guests,EXACT
DST - Bulk/Party,Anniversary Event,food for 30 guests,EXACT
DST - Bulk/Party,Anniversary Event,food for 50 guests,EXACT
DST - Bulk/Party,Anniversary Event,food for anniversary party,EXACT
DST - Bulk/Party,Anniversary Event,food for anniversary party Bangalore,PHRASE
DST - Bulk/Party,Anniversary Event,food for birthday party Bangalore,PHRASE
DST - Bulk/Party,Anniversary Event,food for birthday party Hyderabad,PHRASE
DST - Bulk/Party,Anniversary Event,food for small gathering,BROAD
DST - Bulk/Party,Anniversary Event,food for small party,PHRASE
DST - Bulk/Party,Anniversary Event,food for wedding anniversary,EXACT
DST - Bulk/Party,Anniversary Event,food for wedding anniversary Bangalore,PHRASE
DST - Bulk/Party,Anniversary Event,function catering Bangalore,PHRASE
DST - Bulk/Party,Anniversary Event,function catering Hyderabad,PHRASE
DST - Bulk/Party,Anniversary Event,griha pravesh catering,PHRASE
DST - Bulk/Party,Anniversary Event,griha pravesh catering Bangalore,PHRASE
DST - Bulk/Party,Anniversary Event,home catering delivery,BROAD
DST - Bulk/Party,Anniversary Event,home catering near me Bangalore,PHRASE
DST - Bulk/Party,Anniversary Event,home catering near me Hyderabad,PHRASE
DST - Bulk/Party,Anniversary Event,home catering services Bangalore,PHRASE
DST - Bulk/Party,Anniversary Event,home catering services Hyderabad,PHRASE
DST - Bulk/Party,Anniversary Event,home cooked food for function Bangalo,PHRASE
DST - Bulk/Party,Anniversary Event,home cooked food for function Bangalore,PHRASE
DST - Bulk/Party,Anniversary Event,home cooked food for function Hyderabad,PHRASE
DST - Bulk/Party,Anniversary Event,home cooked food for get together,PHRASE
DST - Bulk/Party,Anniversary Event,home cooked food for party Bangalore,PHRASE
DST - Bulk/Party,Anniversary Event,home cooked food for party Hyderabad,PHRASE
DST - Bulk/Party,Anniversary Event,home food for anniversary dinner,EXACT
DST - Bulk/Party,Anniversary Event,home food order for birthday,PHRASE
DST - Bulk/Party,Anniversary Event,home food order for birthday Bangalore,PHRASE
DST - Bulk/Party,Anniversary Event,home food order for birthday Hyderabad,PHRASE
DST - Bulk/Party,Anniversary Event,home party catering,PHRASE
DST - Bulk/Party,Anniversary Event,home party catering near me,BROAD
DST - Bulk/Party,Anniversary Event,home party catering services,PHRASE
DST - Bulk/Party,Anniversary Event,home party food for 20 people,EXACT
DST - Bulk/Party,Anniversary Event,home style food delivery for function,PHRASE
DST - Bulk/Party,Anniversary Event,home style food for get together Bangalore,PHRASE
DST - Bulk/Party,Anniversary Event,home style food for get together Hyderabad,PHRASE
DST - Bulk/Party,Anniversary Event,homemade food delivery for party,PHRASE
DST - Bulk/Party,Anniversary Event,homemade food delivery for party Bangalore,PHRASE
DST - Bulk/Party,Anniversary Event,homemade food delivery for party Hyderabad,PHRASE
DST - Bulk/Party,Anniversary Event,homemade food for anniversary party,EXACT
DST - Bulk/Party,Anniversary Event,homemade party food near me,PHRASE
DST - Bulk/Party,Anniversary Event,homemade party food near me Bangalore,PHRASE
DST - Bulk/Party,Anniversary Event,homemade party food near me Hyderabad,PHRASE
DST - Bulk/Party,Anniversary Event,house party catering for 20,EXACT
DST - Bulk/Party,Anniversary Event,house warming function catering Bangalore,PHRASE
DST - Bulk/Party,Anniversary Event,housewarming catering Bangalore,PHRASE
DST - Bulk/Party,Anniversary Event,housewarming catering Chennai,PHRASE
DST - Bulk/Party,Anniversary Event,housewarming food order Bangalore,PHRASE
DST - Bulk/Party,Anniversary Event,housewarming food order Chennai,PHRASE
DST - Bulk/Party,Anniversary Event,housewarming party catering Bangalore,PHRASE
DST - Bulk/Party,Anniversary Event,housewarming party catering near me,PHRASE
DST - Bulk/Party,Anniversary Event,indian caterers for small parties,PHRASE
DST - Bulk/Party,Anniversary Event,indian caterers for small parties near me,PHRASE
DST - Bulk/Party,Anniversary Event,indian catering for home parties,PHRASE
DST - Bulk/Party,Anniversary Event,indian catering near me for party,PHRASE
DST - Bulk/Party,Anniversary Event,indian food catering for birthday parties,PHRASE
DST - Bulk/Party,Anniversary Event,indian food catering for small party,PHRASE
DST - Bulk/Party,Anniversary Event,indian party catering,PHRASE
DST - Bulk/Party,Anniversary Event,indian party catering near me,PHRASE
DST - Bulk/Party,Anniversary Event,indian party food catering,PHRASE
DST - Bulk/Party,Anniversary Event,intimate dinner catering,EXACT
DST - Bulk/Party,Anniversary Event,intimate event catering,PHRASE
DST - Bulk/Party,Anniversary Event,marriage function catering,PHRASE
DST - Bulk/Party,Anniversary Event,marriage function catering Bangalore,PHRASE
DST - Bulk/Party,Anniversary Event,marriage function catering Hyderabad,PHRASE
DST - Bulk/Party,Anniversary Event,mini catering service,EXACT
DST - Bulk/Party,Anniversary Event,mini tiffin for small functions,PHRASE
DST - Bulk/Party,Anniversary Event,new home celebration food Bangalore,PHRASE
DST - Bulk/Party,Anniversary Event,new home celebration food order,PHRASE
DST - Bulk/Party,Anniversary Event,office event catering Bangalore,PHRASE
DST - Bulk/Party,Anniversary Event,office event catering Hyderabad,PHRASE
DST - Bulk/Party,Anniversary Event,office food order Bangalore,PHRASE
DST - Bulk/Party,Anniversary Event,office food order Hyderabad,PHRASE
DST - Bulk/Party,Anniversary Event,office lunch catering Bangalore,PHRASE
DST - Bulk/Party,Anniversary Event,office lunch catering Hyderabad,PHRASE
DST - Bulk/Party,Anniversary Event,office lunch catering services,PHRASE
DST - Bulk/Party,Anniversary Event,office party catering Bangalore,PHRASE
DST - Bulk/Party,Anniversary Event,office party catering Hyderabad,PHRASE
DST - Bulk/Party,Anniversary Event,party food order near me,PHRASE
DST - Bulk/Party,Anniversary Event,party order accepted,BROAD
DST - Bulk/Party,Anniversary Event,party order available,BROAD
DST - Bulk/Party,Anniversary Event,party order menu,BROAD
DST - Bulk/Party,Anniversary Event,party orders near me,BROAD
DST - Bulk/Party,Anniversary Event,party orders undertaken,BROAD
DST - Bulk/Party,Anniversary Event,party orders undertaken near me,BROAD
DST - Bulk/Party,Anniversary Event,private catering at home,PHRASE
DST - Bulk/Party,Anniversary Event,private catering for small parties,PHRASE
DST - Bulk/Party,Anniversary Event,private dinner party catering,PHRASE
DST - Bulk/Party,Anniversary Event,private event catering,PHRASE
DST - Bulk/Party,Anniversary Event,private event catering near me,PHRASE
DST - Bulk/Party,Anniversary Event,private party catering,PHRASE
DST - Bulk/Party,Anniversary Event,private party catering near me,PHRASE
DST - Bulk/Party,Anniversary Event,pure veg party catering,PHRASE
DST - Bulk/Party,Anniversary Event,shero home food,BROAD
DST - Bulk/Party,Anniversary Event,small event food order,BROAD
DST - Bulk/Party,Anniversary Event,small family gathering catering,EXACT
DST - Bulk/Party,Anniversary Event,small function catering,EXACT
DST - Bulk/Party,Anniversary Event,small function food,PHRASE
DST - Bulk/Party,Anniversary Event,small gathering catering,PHRASE
DST - Bulk/Party,Anniversary Event,small party caterers Hyderabad,PHRASE
DST - Bulk/Party,Anniversary Event,small party caterers in chennai,BROAD
DST - Bulk/Party,Anniversary Event,small party catering for 50 people,PHRASE
DST - Bulk/Party,Anniversary Event,small party catering near me,EXACT
DST - Bulk/Party,Anniversary Event,small party food catering,BROAD
DST - Bulk/Party,Anniversary Event,small party indian catering,PHRASE
DST - Bulk/Party,Anniversary Event,small wedding catering,EXACT
DST - Bulk/Party,Anniversary Event,snacks for office event Bangalore,PHRASE
DST - Bulk/Party,Anniversary Event,snacks for office event Hyderabad,PHRASE
DST - Bulk/Party,Anniversary Event,tea party catering,PHRASE
DST - Bulk/Party,Anniversary Event,tea party catering near me,PHRASE
DST - Bulk/Party,Anniversary Event,tea party food catering,PHRASE
DST - Bulk/Party,Anniversary Event,tea party food near me,PHRASE
DST - Bulk/Party,Anniversary Event,traditional south indian catering,PHRASE
DST - Bulk/Party,Anniversary Event,veg caterers near me Bangalore,PHRASE
DST - Bulk/Party,Anniversary Event,veg caterers near me Hyderabad,PHRASE
DST - Bulk/Party,Anniversary Event,wedding and catering services Bangalore,PHRASE
DST - Bulk/Party,Anniversary Event,wedding biryani catering,PHRASE
DST - Bulk/Party,Anniversary Event,wedding biryani catering Bangalore,PHRASE
DST - Bulk/Party,Anniversary Event,wedding biryani catering Hyderabad,PHRASE
DST - Bulk/Party,Anniversary Event,wedding caterers near me Bangalore,PHRASE
DST - Bulk/Party,Anniversary Event,wedding caterers near me Chennai,PHRASE
DST - Bulk/Party,Anniversary Event,wedding caterers near me Hyderabad,PHRASE
DST - Bulk/Party,Anniversary Event,wedding catering Bangalore,PHRASE
DST - Bulk/Party,Anniversary Event,wedding catering Hyderabad,PHRASE
DST - Bulk/Party,Anniversary Event,wedding dining Hyderabad,PHRASE
DST - Bulk/Party,Anniversary Event,wedding food order Bangalore,PHRASE
DST - Bulk/Party,Anniversary Event,wedding food order Chennai,PHRASE
DST - Bulk/Party,Anniversary Event,wedding food order Hyderabad,PHRASE
DST - Bulk/Party,Anniversary Event,wedding lunch catering Bangalore,PHRASE
DST - Bulk/Party,Anniversary Event,wedding lunch catering Chennai,PHRASE
DST - Bulk/Party,Anniversary Event,wedding lunch catering Hyderabad,PHRASE
DST - Bulk/Party,Anniversary Event,wedding reception catering Bangalore,PHRASE
DST - Bulk/Party,Anniversary Event,wedding reception catering Chennai,PHRASE
DST - Bulk/Party,Anniversary Event,wedding reception catering Hyderabad,PHRASE
DST - Bulk/Party,Anniversary Event,www shero home food com,BROAD
DST - Bulk/Party,Baby Shower,Baby Shower,PHRASE
DST - Bulk/Party,Baby Shower,authentic south indian food for celebrations,PHRASE
DST - Bulk/Party,Baby Shower,baby shower catering,EXACT
DST - Bulk/Party,Baby Shower,food for baby shower function,EXACT
DST - Bulk/Party,Baby Shower,home catering delivery,BROAD
DST - Bulk/Party,Baby Shower,home cooked food for seemantham,EXACT
DST - Bulk/Party,Baby Shower,home food for valaikappu function,EXACT
DST - Bulk/Party,Baby Shower,homemade food for auspicious occasions,EXACT
DST - Bulk/Party,Baby Shower,homemade food for pregnancy ceremony,EXACT
DST - Bulk/Party,Baby Shower,homemade food for sacred ceremonies,EXACT
DST - Bulk/Party,Baby Shower,prasadam style food delivery,EXACT
DST - Bulk/Party,Baby Shower,pure veg thali for baby shower,EXACT
DST - Bulk/Party,Baby Shower,satvik food for seemantham,EXACT
DST - Bulk/Party,Baby Shower,small party caterers in chennai,BROAD
DST - Bulk/Party,Baby Shower,south indian food for baby shower,EXACT
DST - Bulk/Party,Baby Shower,traditional food for seemantham,EXACT
DST - Bulk/Party,Baby Shower,traditional meals for valaikappu,EXACT
DST - Bulk/Party,Baby Shower,traditional south indian meal for seemantham,EXACT
DST - Bulk/Party,Birthday Event,affordable birthday catering,EXACT
DST - Bulk/Party,Birthday Event,affordable catering Bangalore,BROAD
DST - Bulk/Party,Birthday Event,affordable catering Hyderabad,BROAD
DST - Bulk/Party,Birthday Event,anniversary celebration food Bangalore,BROAD
DST - Bulk/Party,Birthday Event,anniversary dinner catering Bangalore,BROAD
DST - Bulk/Party,Birthday Event,anniversary party catering Bangalore,BROAD
DST - Bulk/Party,Birthday Event,best caterers in Bangalore,BROAD
DST - Bulk/Party,Birthday Event,best caterers in Hyderabad,BROAD
DST - Bulk/Party,Birthday Event,best food for birthday party,BROAD
DST - Bulk/Party,Birthday Event,best homemade food for birthday,EXACT
DST - Bulk/Party,Birthday Event,best homemade food home delivery near me Bangalore,BROAD
DST - Bulk/Party,Birthday Event,best homemade food home delivery near me Hyderabad,BROAD
DST - Bulk/Party,Birthday Event,best wedding caterers Bangalore,BROAD
DST - Bulk/Party,Birthday Event,best wedding caterers Hyderabad,BROAD
DST - Bulk/Party,Birthday Event,birthday catering home delivery,BROAD
DST - Bulk/Party,Birthday Event,birthday catering home delivery Bangalore,BROAD
DST - Bulk/Party,Birthday Event,birthday catering home delivery Hyderabad,BROAD
DST - Bulk/Party,Birthday Event,birthday catering near me Bangalore,BROAD
DST - Bulk/Party,Birthday Event,birthday catering near me Hyderabad,BROAD
DST - Bulk/Party,Birthday Event,birthday dinner catering Bangalore,BROAD
DST - Bulk/Party,Birthday Event,birthday dinner catering Hyderabad,BROAD
DST - Bulk/Party,Birthday Event,birthday dinner food order,BROAD
DST - Bulk/Party,Birthday Event,birthday food for 20 people,EXACT
DST - Bulk/Party,Birthday Event,birthday lunch catering Bangalore,BROAD
DST - Bulk/Party,Birthday Event,birthday lunch catering Chennai,BROAD
DST - Bulk/Party,Birthday Event,birthday lunch catering Hyderabad,BROAD
DST - Bulk/Party,Birthday Event,birthday party catering,EXACT
DST - Bulk/Party,Birthday Event,birthday party catering Hyderabad,BROAD
DST - Bulk/Party,Birthday Event,birthday party catering services Bangalore,BROAD
DST - Bulk/Party,Birthday Event,birthday party catering services Hyderabad,BROAD
DST - Bulk/Party,Birthday Event,birthday party food catering services,BROAD
DST - Bulk/Party,Birthday Event,birthday party food delivery,EXACT
DST - Bulk/Party,Birthday Event,birthday party food order Bangalore,BROAD
DST - Bulk/Party,Birthday Event,birthday party food order Chennai,BROAD
DST - Bulk/Party,Birthday Event,birthday party food order Hyderabad,BROAD
DST - Bulk/Party,Birthday Event,birthday party home food Chennai,BROAD
DST - Bulk/Party,Birthday Event,bulk food order for birthday,EXACT
DST - Bulk/Party,Birthday Event,bulk food order for office Bangalore,BROAD
DST - Bulk/Party,Birthday Event,bulk food order for office Hyderabad,BROAD
DST - Bulk/Party,Birthday Event,catering for 10 people,EXACT
DST - Bulk/Party,Birthday Event,catering for 15 people,EXACT
DST - Bulk/Party,Birthday Event,catering for 20 people,PHRASE
DST - Bulk/Party,Birthday Event,catering for 25 people,EXACT
DST - Bulk/Party,Birthday Event,catering for 30 people,EXACT
DST - Bulk/Party,Birthday Event,catering for 40 people,EXACT
DST - Bulk/Party,Birthday Event,catering for 50 people,PHRASE
DST - Bulk/Party,Birthday Event,catering for birthday party Bangalore,BROAD
DST - Bulk/Party,Birthday Event,catering for birthday party Hyderabad,BROAD
DST - Bulk/Party,Birthday Event,catering for few people,BROAD
DST - Bulk/Party,Birthday Event,catering for party Bangalore,BROAD
DST - Bulk/Party,Birthday Event,catering for party Hyderabad,BROAD
DST - Bulk/Party,Birthday Event,catering for small birthday party,EXACT
DST - Bulk/Party,Birthday Event,catering for small group,PHRASE
DST - Bulk/Party,Birthday Event,catering near me Bangalore,BROAD
DST - Bulk/Party,Birthday Event,catering near me Hyderabad,BROAD
DST - Bulk/Party,Birthday Event,catering services Bangalore,BROAD
DST - Bulk/Party,Birthday Event,catering services Hyderabad,BROAD
DST - Bulk/Party,Birthday Event,corporate catering Bangalore,BROAD
DST - Bulk/Party,Birthday Event,corporate catering Hyderabad,BROAD
DST - Bulk/Party,Birthday Event,corporate party food Bangalore,BROAD
DST - Bulk/Party,Birthday Event,corporate party food Hyderabad,BROAD
DST - Bulk/Party,Birthday Event,food catering home delivery,PHRASE
DST - Bulk/Party,Birthday Event,food for 20 guests,EXACT
DST - Bulk/Party,Birthday Event,food for 30 guests,EXACT
DST - Bulk/Party,Birthday Event,food for 50 guests,EXACT
DST - Bulk/Party,Birthday Event,food for anniversary party Bangalore,BROAD
DST - Bulk/Party,Birthday Event,food for birthday event,EXACT
DST - Bulk/Party,Birthday Event,food for birthday party,PHRASE
DST - Bulk/Party,Birthday Event,food for birthday party Bangalore,BROAD
DST - Bulk/Party,Birthday Event,food for birthday party Hyderabad,BROAD
DST - Bulk/Party,Birthday Event,food for birthday party near me,BROAD
DST - Bulk/Party,Birthday Event,food for small gathering,BROAD
DST - Bulk/Party,Birthday Event,food for small party,PHRASE
DST - Bulk/Party,Birthday Event,food for wedding anniversary Bangalore,BROAD
DST - Bulk/Party,Birthday Event,function catering Bangalore,BROAD
DST - Bulk/Party,Birthday Event,function catering Hyderabad,BROAD
DST - Bulk/Party,Birthday Event,griha pravesh catering,BROAD
DST - Bulk/Party,Birthday Event,griha pravesh catering Bangalore,BROAD
DST - Bulk/Party,Birthday Event,home catering delivery,BROAD
DST - Bulk/Party,Birthday Event,home catering near me Bangalore,BROAD
DST - Bulk/Party,Birthday Event,home catering near me Hyderabad,BROAD
DST - Bulk/Party,Birthday Event,home catering services Bangalore,BROAD
DST - Bulk/Party,Birthday Event,home catering services Hyderabad,BROAD
DST - Bulk/Party,Birthday Event,home cooked food for function Bangalo,BROAD
DST - Bulk/Party,Birthday Event,home cooked food for function Bangalore,BROAD
DST - Bulk/Party,Birthday Event,home cooked food for function Hyderabad,BROAD
DST - Bulk/Party,Birthday Event,home cooked food for get together,BROAD
DST - Bulk/Party,Birthday Event,home cooked food for party Bangalore,BROAD
DST - Bulk/Party,Birthday Event,home cooked food for party Hyderabad,BROAD
DST - Bulk/Party,Birthday Event,home food for birthday celebration,EXACT
DST - Bulk/Party,Birthday Event,home food order for birthday,BROAD
DST - Bulk/Party,Birthday Event,home food order for birthday Bangalore,BROAD
DST - Bulk/Party,Birthday Event,home food order for birthday Hyderabad,BROAD
DST - Bulk/Party,Birthday Event,home party catering,PHRASE
DST - Bulk/Party,Birthday Event,home party catering near me,BROAD
DST - Bulk/Party,Birthday Event,home party food for 20 people,EXACT
DST - Bulk/Party,Birthday Event,home style food delivery for function,BROAD
DST - Bulk/Party,Birthday Event,home style food for get together Bangalore,BROAD
DST - Bulk/Party,Birthday Event,home style food for get together Hyderabad,BROAD
DST - Bulk/Party,Birthday Event,homemade food delivery for party,BROAD
DST - Bulk/Party,Birthday Event,homemade food delivery for party Bangalore,BROAD
DST - Bulk/Party,Birthday Event,homemade food delivery for party Hyderabad,BROAD
DST - Bulk/Party,Birthday Event,homemade food for birthday party,EXACT
DST - Bulk/Party,Birthday Event,homemade food for kids birthday,EXACT
DST - Bulk/Party,Birthday Event,homemade party food near me,BROAD
DST - Bulk/Party,Birthday Event,homemade party food near me Bangalore,BROAD
DST - Bulk/Party,Birthday Event,homemade party food near me Hyderabad,BROAD
DST - Bulk/Party,Birthday Event,homemade snacks for birthday party,EXACT
DST - Bulk/Party,Birthday Event,house party catering for 20,EXACT
DST - Bulk/Party,Birthday Event,house warming function catering Bangalore,BROAD
DST - Bulk/Party,Birthday Event,housewarming catering Bangalore,BROAD
DST - Bulk/Party,Birthday Event,housewarming catering Chennai,BROAD
DST - Bulk/Party,Birthday Event,housewarming food order Bangalore,BROAD
DST - Bulk/Party,Birthday Event,housewarming food order Chennai,BROAD
DST - Bulk/Party,Birthday Event,housewarming party catering Bangalore,BROAD
DST - Bulk/Party,Birthday Event,housewarming party catering near me,BROAD
DST - Bulk/Party,Birthday Event,intimate dinner catering,EXACT
DST - Bulk/Party,Birthday Event,intimate event catering,PHRASE
DST - Bulk/Party,Birthday Event,marriage function catering,BROAD
DST - Bulk/Party,Birthday Event,marriage function catering Bangalore,BROAD
DST - Bulk/Party,Birthday Event,marriage function catering Hyderabad,BROAD
DST - Bulk/Party,Birthday Event,mini catering service,EXACT
DST - Bulk/Party,Birthday Event,new home celebration food Bangalore,BROAD
DST - Bulk/Party,Birthday Event,new home celebration food order,BROAD
DST - Bulk/Party,Birthday Event,office event catering Bangalore,BROAD
DST - Bulk/Party,Birthday Event,office event catering Hyderabad,BROAD
DST - Bulk/Party,Birthday Event,office food order Bangalore,BROAD
DST - Bulk/Party,Birthday Event,office food order Hyderabad,BROAD
DST - Bulk/Party,Birthday Event,office lunch catering Bangalore,BROAD
DST - Bulk/Party,Birthday Event,office lunch catering Hyderabad,BROAD
DST - Bulk/Party,Birthday Event,office party catering Bangalore,BROAD
DST - Bulk/Party,Birthday Event,office party catering Hyderabad,BROAD
DST - Bulk/Party,Birthday Event,party food order near me,EXACT
DST - Bulk/Party,Birthday Event,small event food order,BROAD
DST - Bulk/Party,Birthday Event,small family gathering catering,EXACT
DST - Bulk/Party,Birthday Event,small function catering,EXACT
DST - Bulk/Party,Birthday Event,small function food,PHRASE
DST - Bulk/Party,Birthday Event,small gathering catering,PHRASE
DST - Bulk/Party,Birthday Event,small party caterers Hyderabad,BROAD
DST - Bulk/Party,Birthday Event,small party caterers in chennai,BROAD
DST - Bulk/Party,Birthday Event,small party catering near me,EXACT
DST - Bulk/Party,Birthday Event,small party food catering,BROAD
DST - Bulk/Party,Birthday Event,small wedding catering,EXACT
DST - Bulk/Party,Birthday Event,snacks for office event Bangalore,BROAD
DST - Bulk/Party,Birthday Event,snacks for office event Hyderabad,BROAD
DST - Bulk/Party,Birthday Event,south indian food for birthday party,EXACT
DST - Bulk/Party,Birthday Event,traditional food for birthday guests,EXACT
DST - Bulk/Party,Birthday Event,veg caterers near me Bangalore,BROAD
DST - Bulk/Party,Birthday Event,veg caterers near me Hyderabad,BROAD
DST - Bulk/Party,Birthday Event,wedding and catering services Bangalore,BROAD
DST - Bulk/Party,Birthday Event,wedding biryani catering Bangalore,BROAD
DST - Bulk/Party,Birthday Event,wedding biryani catering Hyderabad,BROAD
DST - Bulk/Party,Birthday Event,wedding caterers near me Bangalore,BROAD
DST - Bulk/Party,Birthday Event,wedding caterers near me Chennai,BROAD
DST - Bulk/Party,Birthday Event,wedding caterers near me Hyderabad,BROAD
DST - Bulk/Party,Birthday Event,wedding catering Bangalore,BROAD
DST - Bulk/Party,Birthday Event,wedding catering Hyderabad,BROAD
DST - Bulk/Party,Birthday Event,wedding dining Hyderabad,BROAD
DST - Bulk/Party,Birthday Event,wedding food order Bangalore,BROAD
DST - Bulk/Party,Birthday Event,wedding food order Chennai,BROAD
DST - Bulk/Party,Birthday Event,wedding food order Hyderabad,BROAD
DST - Bulk/Party,Birthday Event,wedding lunch catering Bangalore,BROAD
DST - Bulk/Party,Birthday Event,wedding lunch catering Chennai,BROAD
DST - Bulk/Party,Birthday Event,wedding lunch catering Hyderabad,BROAD
DST - Bulk/Party,Birthday Event,wedding reception catering Bangalore,BROAD
DST - Bulk/Party,Birthday Event,wedding reception catering Chennai,BROAD
DST - Bulk/Party,Birthday Event,wedding reception catering Hyderabad,BROAD
DST - Bulk/Party,Home Party,affordable catering Bangalore,BROAD
DST - Bulk/Party,Home Party,affordable catering Hyderabad,BROAD
DST - Bulk/Party,Home Party,anniversary celebration food Bangalore,BROAD
DST - Bulk/Party,Home Party,anniversary dinner catering Bangalore,BROAD
DST - Bulk/Party,Home Party,anniversary party catering Bangalore,BROAD
DST - Bulk/Party,Home Party,best caterers in Bangalore,BROAD
DST - Bulk/Party,Home Party,best caterers in Hyderabad,BROAD
DST - Bulk/Party,Home Party,best homemade food home delivery near me,PHRASE
DST - Bulk/Party,Home Party,best homemade food home delivery near me Bangalore,BROAD
DST - Bulk/Party,Home Party,best homemade food home delivery near me Hyderabad,BROAD
DST - Bulk/Party,Home Party,best wedding caterers Bangalore,BROAD
DST - Bulk/Party,Home Party,best wedding caterers Hyderabad,BROAD
DST - Bulk/Party,Home Party,birthday catering home delivery,BROAD
DST - Bulk/Party,Home Party,birthday catering home delivery Bangalore,BROAD
DST - Bulk/Party,Home Party,birthday catering home delivery Hyderabad,BROAD
DST - Bulk/Party,Home Party,birthday catering near me Bangalore,BROAD
DST - Bulk/Party,Home Party,birthday catering near me Hyderabad,BROAD
DST - Bulk/Party,Home Party,birthday dinner catering Bangalore,BROAD
DST - Bulk/Party,Home Party,birthday dinner catering Hyderabad,BROAD
DST - Bulk/Party,Home Party,birthday dinner food order,BROAD
DST - Bulk/Party,Home Party,birthday food for 20 people,EXACT
DST - Bulk/Party,Home Party,birthday lunch catering Bangalore,BROAD
DST - Bulk/Party,Home Party,birthday lunch catering Chennai,BROAD
DST - Bulk/Party,Home Party,birthday lunch catering Hyderabad,BROAD
DST - Bulk/Party,Home Party,birthday party catering Hyderabad,BROAD
DST - Bulk/Party,Home Party,birthday party catering services Bangalore,BROAD
DST - Bulk/Party,Home Party,birthday party catering services Hyderabad,BROAD
DST - Bulk/Party,Home Party,birthday party food order Bangalore,BROAD
DST - Bulk/Party,Home Party,birthday party food order Chennai,BROAD
DST - Bulk/Party,Home Party,birthday party food order Hyderabad,BROAD
DST - Bulk/Party,Home Party,birthday party home food Chennai,BROAD
DST - Bulk/Party,Home Party,bulk food order for office Bangalore,BROAD
DST - Bulk/Party,Home Party,bulk food order for office Hyderabad,BROAD
DST - Bulk/Party,Home Party,bulk home food order,EXACT
DST - Bulk/Party,Home Party,catering for 10 people,EXACT
DST - Bulk/Party,Home Party,catering for 15 people,EXACT
DST - Bulk/Party,Home Party,catering for 20 people,PHRASE
DST - Bulk/Party,Home Party,catering for 25 people,EXACT
DST - Bulk/Party,Home Party,catering for 30 people,EXACT
DST - Bulk/Party,Home Party,catering for 40 people,EXACT
DST - Bulk/Party,Home Party,catering for 50 people,PHRASE
DST - Bulk/Party,Home Party,catering for birthday party Bangalore,BROAD
DST - Bulk/Party,Home Party,catering for birthday party Hyderabad,BROAD
DST - Bulk/Party,Home Party,catering for few people,BROAD
DST - Bulk/Party,Home Party,catering for party Bangalore,BROAD
DST - Bulk/Party,Home Party,catering for party Hyderabad,BROAD
DST - Bulk/Party,Home Party,catering for small group,PHRASE
DST - Bulk/Party,Home Party,catering near me Bangalore,BROAD
DST - Bulk/Party,Home Party,catering near me Hyderabad,BROAD
DST - Bulk/Party,Home Party,catering service Bangalore,BROAD
DST - Bulk/Party,Home Party,catering services Hyderabad,BROAD
DST - Bulk/Party,Home Party,catering services in chennai,PHRASE
DST - Bulk/Party,Home Party,corporate catering Bangalore,BROAD
DST - Bulk/Party,Home Party,corporate catering Hyderabad,BROAD
DST - Bulk/Party,Home Party,corporate party food Bangalore,BROAD
DST - Bulk/Party,Home Party,corporate party food Hyderabad,BROAD
DST - Bulk/Party,Home Party,food for 20 guests,EXACT
DST - Bulk/Party,Home Party,food for 30 guests,EXACT
DST - Bulk/Party,Home Party,food for 50 guests,EXACT
DST - Bulk/Party,Home Party,food for anniversary party Bangalore,BROAD
DST - Bulk/Party,Home Party,food for birthday party Bangalore,BROAD
DST - Bulk/Party,Home Party,food for birthday party Hyderabad,BROAD
DST - Bulk/Party,Home Party,food for small gathering,BROAD
DST - Bulk/Party,Home Party,food for small party,PHRASE
DST - Bulk/Party,Home Party,food for wedding anniversary Bangalore,BROAD
DST - Bulk/Party,Home Party,function catering Bangalore,BROAD
DST - Bulk/Party,Home Party,function catering Hyderabad,BROAD
DST - Bulk/Party,Home Party,griha pravesh catering,BROAD
DST - Bulk/Party,Home Party,griha pravesh catering Bangalore,BROAD
DST - Bulk/Party,Home Party,home catering near me Bangalore,BROAD
DST - Bulk/Party,Home Party,home catering near me Hyderabad,BROAD
DST - Bulk/Party,Home Party,home catering services Bangalore,BROAD
DST - Bulk/Party,Home Party,home catering services Hyderabad,BROAD
DST - Bulk/Party,Home Party,home cooked food for function Bangalo,BROAD
DST - Bulk/Party,Home Party,home cooked food for function Bangalore,BROAD
DST - Bulk/Party,Home Party,home cooked food for function Hyderabad,BROAD
DST - Bulk/Party,Home Party,home cooked food for get together,BROAD
DST - Bulk/Party,Home Party,home cooked food for party,EXACT
DST - Bulk/Party,Home Party,home cooked food for party Bangalore,BROAD
DST - Bulk/Party,Home Party,home cooked food for party Hyderabad,BROAD
DST - Bulk/Party,Home Party,home food order for birthday,BROAD
DST - Bulk/Party,Home Party,home food order for birthday Bangalore,BROAD
DST - Bulk/Party,Home Party,home food order for birthday Hyderabad,BROAD
DST - Bulk/Party,Home Party,home party,EXACT
DST - Bulk/Party,Home Party,home party catering,PHRASE
DST - Bulk/Party,Home Party,home party catering near me,BROAD
DST - Bulk/Party,Home Party,home party food,EXACT
DST - Bulk/Party,Home Party,home party food for 20 people,EXACT
DST - Bulk/Party,Home Party,home style food delivery for function,BROAD
DST - Bulk/Party,Home Party,home style food for get together Bangalore,BROAD
DST - Bulk/Party,Home Party,home style food for get together Hyderabad,BROAD
DST - Bulk/Party,Home Party,homemade food catering near me,EXACT
DST - Bulk/Party,Home Party,homemade food delivery for party,BROAD
DST - Bulk/Party,Home Party,homemade food delivery for party Bangalore,BROAD
DST - Bulk/Party,Home Party,homemade food delivery for party Hyderabad,BROAD
DST - Bulk/Party,Home Party,homemade food for party,EXACT
DST - Bulk/Party,Home Party,homemade party food near me,BROAD
DST - Bulk/Party,Home Party,homemade party food near me Bangalore,BROAD
DST - Bulk/Party,Home Party,homemade party food near me Hyderabad,BROAD
DST - Bulk/Party,Home Party,house party catering for 20,EXACT
DST - Bulk/Party,Home Party,house warming function catering Bangalore,BROAD
DST - Bulk/Party,Home Party,housewarming catering Bangalore,BROAD
DST - Bulk/Party,Home Party,housewarming catering Chennai,BROAD
DST - Bulk/Party,Home Party,housewarming food order Bangalore,BROAD
DST - Bulk/Party,Home Party,housewarming food order Chennai,BROAD
DST - Bulk/Party,Home Party,housewarming party catering Bangalore,BROAD
DST - Bulk/Party,Home Party,housewarming party catering near me,BROAD
DST - Bulk/Party,Home Party,intimate dinner catering,EXACT
DST - Bulk/Party,Home Party,intimate event catering,PHRASE
DST - Bulk/Party,Home Party,marriage function catering,BROAD
DST - Bulk/Party,Home Party,marriage function catering Bangalore,BROAD
DST - Bulk/Party,Home Party,marriage function catering Hyderabad,BROAD
DST - Bulk/Party,Home Party,mini catering service,EXACT
DST - Bulk/Party,Home Party,new home celebration food Bangalore,BROAD
DST - Bulk/Party,Home Party,new home celebration food order,BROAD
DST - Bulk/Party,Home Party,office event catering Bangalore,BROAD
DST - Bulk/Party,Home Party,office event catering Hyderabad,BROAD
DST - Bulk/Party,Home Party,office food order Bangalore,BROAD
DST - Bulk/Party,Home Party,office food order Hyderabad,BROAD
DST - Bulk/Party,Home Party,office lunch catering Bangalore,BROAD
DST - Bulk/Party,Home Party,office lunch catering Hyderabad,BROAD
DST - Bulk/Party,Home Party,office party catering Bangalore,BROAD
DST - Bulk/Party,Home Party,office party catering Hyderabad,BROAD
DST - Bulk/Party,Home Party,order home food for party,EXACT
DST - Bulk/Party,Home Party,party catering home food,EXACT
DST - Bulk/Party,Home Party,party food bulk order,EXACT
DST - Bulk/Party,Home Party,small event food order,BROAD
DST - Bulk/Party,Home Party,small family gathering catering,EXACT
DST - Bulk/Party,Home Party,small function catering,EXACT
DST - Bulk/Party,Home Party,small function food,PHRASE
DST - Bulk/Party,Home Party,small gathering catering,PHRASE
DST - Bulk/Party,Home Party,small party caterers Hyderabad,BROAD
DST - Bulk/Party,Home Party,small party catering near me,EXACT
DST - Bulk/Party,Home Party,small party food catering,BROAD
DST - Bulk/Party,Home Party,small wedding catering,EXACT
DST - Bulk/Party,Home Party,snacks for office event Bangalore,BROAD
DST - Bulk/Party,Home Party,snacks for office event Hyderabad,BROAD
DST - Bulk/Party,Home Party,south indian food for party,EXACT
DST - Bulk/Party,Home Party,veg caterers near me Bangalore,BROAD
DST - Bulk/Party,Home Party,veg caterers near me Hyderabad,BROAD
DST - Bulk/Party,Home Party,wedding and catering services Bangalore,BROAD
DST - Bulk/Party,Home Party,wedding biryani catering Bangalore,BROAD
DST - Bulk/Party,Home Party,wedding biryani catering Hyderabad,BROAD
DST - Bulk/Party,Home Party,wedding caterers near me Bangalore,BROAD
DST - Bulk/Party,Home Party,wedding caterers near me Chennai,BROAD
DST - Bulk/Party,Home Party,wedding caterers near me Hyderabad,BROAD
DST - Bulk/Party,Home Party,wedding catering Bangalore,BROAD
DST - Bulk/Party,Home Party,wedding catering Hyderabad,BROAD
DST - Bulk/Party,Home Party,wedding dining Hyderabad,BROAD
DST - Bulk/Party,Home Party,wedding food order Bangalore,BROAD
DST - Bulk/Party,Home Party,wedding food order Chennai,BROAD
DST - Bulk/Party,Home Party,wedding food order Hyderabad,BROAD
DST - Bulk/Party,Home Party,wedding lunch catering Bangalore,BROAD
DST - Bulk/Party,Home Party,wedding lunch catering Chennai,BROAD
DST - Bulk/Party,Home Party,wedding lunch catering Hyderabad,BROAD
DST - Bulk/Party,Home Party,wedding reception catering Bangalore,BROAD
DST - Bulk/Party,Home Party,wedding reception catering Chennai,BROAD
DST - Bulk/Party,Home Party,wedding reception catering Hyderabad,BROAD
DST - Bulk/Party,Home Pooja,Home Pooja,EXACT
DST - Bulk/Party,Home Pooja,affordable catering for family pooja,EXACT
DST - Bulk/Party,Home Pooja,book catering for home pooja,EXACT
DST - Bulk/Party,Home Pooja,bulk veg food order for rituals,EXACT
DST - Bulk/Party,Home Pooja,home cooked food for pooja,EXACT
DST - Bulk/Party,Home Pooja,homemade catering for pooja,EXACT
DST - Bulk/Party,Home Pooja,homemade meal box for pooja,EXACT
DST - Bulk/Party,Home Pooja,homemade prasadam food,EXACT
DST - Bulk/Party,Home Pooja,pure veg catering for pooja,EXACT
DST - Bulk/Party,Home Pooja,pure veg food for pooja,EXACT
DST - Bulk/Party,Home Pooja,satvik food for pooja,EXACT
DST - Bulk/Party,Home Pooja,south indian food for pooja,EXACT
DST - Bulk/Party,Home Pooja,traditional pooja meals delivery,EXACT
DST - Bulk/Party,House Warming,House Warming,EXACT
DST - Bulk/Party,House Warming,authentic pooja food for griha pravesh,EXACT
DST - Bulk/Party,House Warming,food for griha pravesh pooja,EXACT
DST - Bulk/Party,House Warming,food for housewarming ceremony,EXACT
DST - Bulk/Party,House Warming,home cooked food for griha pravesh,EXACT
DST - Bulk/Party,House Warming,home food delivery for housewarming,EXACT
DST - Bulk/Party,House Warming,homemade catering for housewarming,EXACT
DST - Bulk/Party,House Warming,homemade food for pooja functions,EXACT
DST - Bulk/Party,House Warming,homemade meals for new home function,EXACT
DST - Bulk/Party,House Warming,no onion no garlic food for housewarming,EXACT
DST - Bulk/Party,House Warming,pure veg food for housewarming,EXACT
DST - Bulk/Party,House Warming,pure veg thali for housewarming pooja,EXACT
DST - Bulk/Party,House Warming,satvik food for housewarming,EXACT
DST - Bulk/Party,House Warming,south indian food for new home pooja,EXACT
DST - Bulk/Party,House Warming,temple style food for pooja ceremony,EXACT
DST - Bulk/Party,Naming Ceremony,Naming Ceremony,EXACT
DST - Bulk/Party,Naming Ceremony,birthday catering,PHRASE
DST - Bulk/Party,Naming Ceremony,birthday catering near me,PHRASE
DST - Bulk/Party,Naming Ceremony,birthday food for 20 people,EXACT
DST - Bulk/Party,Naming Ceremony,birthday party catering near me,PHRASE
DST - Bulk/Party,Naming Ceremony,catering for 10 people,EXACT
DST - Bulk/Party,Naming Ceremony,catering for 15 people,EXACT
DST - Bulk/Party,Naming Ceremony,catering for 20 people,PHRASE
DST - Bulk/Party,Naming Ceremony,catering for 25 people,EXACT
DST - Bulk/Party,Naming Ceremony,catering for 30 people,EXACT
DST - Bulk/Party,Naming Ceremony,catering for 40 people,EXACT
DST - Bulk/Party,Naming Ceremony,catering for 50 people,PHRASE
DST - Bulk/Party,Naming Ceremony,catering for few people,BROAD
DST - Bulk/Party,Naming Ceremony,catering for home parties,PHRASE
DST - Bulk/Party,Naming Ceremony,catering for parties,PHRASE
DST - Bulk/Party,Naming Ceremony,catering for small group,PHRASE
DST - Bulk/Party,Naming Ceremony,catering for small party,PHRASE
DST - Bulk/Party,Naming Ceremony,catering for thottil pooja near me,EXACT
DST - Bulk/Party,Naming Ceremony,dinner party catering,PHRASE
DST - Bulk/Party,Naming Ceremony,ear piercing ceremony food,PHRASE
DST - Bulk/Party,Naming Ceremony,food for 20 guests,EXACT
DST - Bulk/Party,Naming Ceremony,food for 30 guests,EXACT
DST - Bulk/Party,Naming Ceremony,food for 50 guests,EXACT
DST - Bulk/Party,Naming Ceremony,food for naming ceremony,EXACT
DST - Bulk/Party,Naming Ceremony,food for small gathering,BROAD
DST - Bulk/Party,Naming Ceremony,food for small party,PHRASE
DST - Bulk/Party,Naming Ceremony,food to cater for parties,PHRASE
DST - Bulk/Party,Naming Ceremony,home cooked food for baby naming,EXACT
DST - Bulk/Party,Naming Ceremony,home food for baby function,EXACT
DST - Bulk/Party,Naming Ceremony,home party catering,PHRASE
DST - Bulk/Party,Naming Ceremony,home party catering near me,BROAD
DST - Bulk/Party,Naming Ceremony,home party food for 20 people,EXACT
DST - Bulk/Party,Naming Ceremony,homemade food for pooja function,EXACT
DST - Bulk/Party,Naming Ceremony,house party catering for 20,EXACT
DST - Bulk/Party,Naming Ceremony,intimate dinner catering,EXACT
DST - Bulk/Party,Naming Ceremony,intimate event catering,PHRASE
DST - Bulk/Party,Naming Ceremony,mini catering service,EXACT
DST - Bulk/Party,Naming Ceremony,namakaranam food delivery,EXACT
DST - Bulk/Party,Naming Ceremony,naming ceremony catering,EXACT
DST - Bulk/Party,Naming Ceremony,naming ceremony catering chennai,PHRASE
DST - Bulk/Party,Naming Ceremony,order party food,PHRASE
DST - Bulk/Party,Naming Ceremony,order party platters,PHRASE
DST - Bulk/Party,Naming Ceremony,party catering,PHRASE
DST - Bulk/Party,Naming Ceremony,party catering near me,PHRASE
DST - Bulk/Party,Naming Ceremony,party food catering,PHRASE
DST - Bulk/Party,Naming Ceremony,party food catering near me,PHRASE
DST - Bulk/Party,Naming Ceremony,party food near me,PHRASE
DST - Bulk/Party,Naming Ceremony,party platters,PHRASE
DST - Bulk/Party,Naming Ceremony,puberty function catering chennai,PHRASE
DST - Bulk/Party,Naming Ceremony,seemantham catering chennai,PHRASE
DST - Bulk/Party,Naming Ceremony,seemantham catering in chennai,PHRASE
DST - Bulk/Party,Naming Ceremony,small event catering near me,PHRASE
DST - Bulk/Party,Naming Ceremony,small event food order,BROAD
DST - Bulk/Party,Naming Ceremony,small family gathering catering,EXACT
DST - Bulk/Party,Naming Ceremony,small function catering,EXACT
DST - Bulk/Party,Naming Ceremony,small function food,PHRASE
DST - Bulk/Party,Naming Ceremony,small gathering catering,PHRASE
DST - Bulk/Party,Naming Ceremony,small party catering near me,PHRASE
DST - Bulk/Party,Naming Ceremony,small party food catering,BROAD
DST - Bulk/Party,Naming Ceremony,small wedding catering,EXACT
DST - Bulk/Party,Naming Ceremony,south indian food for naming function,EXACT
DST - Bulk/Party,Naming Ceremony,thottil pooja food order,EXACT
DST - Bulk/Party,Naming Ceremony,thread ceremony food order,PHRASE
DST - Bulk/Party,Naming Ceremony,traditional food for baby ceremony,EXACT
DST - Bulk/Party,Naming Ceremony,valaikappu catering in chennai,PHRASE
DST - Bulk/Party,Naming Ceremony,valaikappu food order chennai,PHRASE
DST - Bulk/Party,Office Party,Office Party,EXACT
DST - Bulk/Party,Office Party,affordable office catering,EXACT
DST - Bulk/Party,Office Party,affordable south indian catering for office,EXACT
DST - Bulk/Party,Office Party,authentic homemade food for corporate parties,EXACT
DST - Bulk/Party,Office Party,authentic south indian food for office events,EXACT
DST - Bulk/Party,Office Party,best office lunch catering,EXACT
DST - Bulk/Party,Office Party,birthday food for 20 people,EXACT
DST - Bulk/Party,Office Party,bulk food order for office,EXACT
DST - Bulk/Party,Office Party,bulk lunch order for office,EXACT
DST - Bulk/Party,Office Party,bulk order south indian food for office,EXACT
DST - Bulk/Party,Office Party,bulk thali delivery for office,EXACT
DST - Bulk/Party,Office Party,catering for 10 people,EXACT
DST - Bulk/Party,Office Party,catering for 15 people,EXACT
DST - Bulk/Party,Office Party,catering for 20 people,PHRASE
DST - Bulk/Party,Office Party,catering for 25 people,EXACT
DST - Bulk/Party,Office Party,catering for 30 people,EXACT
DST - Bulk/Party,Office Party,catering for 40 people,EXACT
DST - Bulk/Party,Office Party,catering for 50 people,PHRASE
DST - Bulk/Party,Office Party,catering for few people,BROAD
DST - Bulk/Party,Office Party,catering for small group,PHRASE
DST - Bulk/Party,Office Party,company lunch catering,EXACT
DST - Bulk/Party,Office Party,corporate bulk food order,EXACT
DST - Bulk/Party,Office Party,corporate catering near me,EXACT
DST - Bulk/Party,Office Party,corporate catering services near me,EXACT
DST - Bulk/Party,Office Party,corporate party food,EXACT
DST - Bulk/Party,Office Party,food for 20 guests,EXACT
DST - Bulk/Party,Office Party,food for 30 guests,EXACT
DST - Bulk/Party,Office Party,food for 50 guests,EXACT
DST - Bulk/Party,Office Party,food for client meeting or office event,EXACT
DST - Bulk/Party,Office Party,food for employee gathering,EXACT
DST - Bulk/Party,Office Party,food for office celebration,EXACT
DST - Bulk/Party,Office Party,food for small gathering,BROAD
DST - Bulk/Party,Office Party,food for small party,PHRASE
DST - Bulk/Party,Office Party,food for team celebration,EXACT
DST - Bulk/Party,Office Party,healthy home food for office,EXACT
DST - Bulk/Party,Office Party,home cooked food delivery for employees,EXACT
DST - Bulk/Party,Office Party,home cooked food for office event,EXACT
DST - Bulk/Party,Office Party,home kitchen catering for companies,EXACT
DST - Bulk/Party,Office Party,home party catering,PHRASE
DST - Bulk/Party,Office Party,home party catering near me,BROAD
DST - Bulk/Party,Office Party,home party food for 20 people,EXACT
DST - Bulk/Party,Office Party,homemade dinner for office party,EXACT
DST - Bulk/Party,Office Party,homemade food suppliers for office events,EXACT
DST - Bulk/Party,Office Party,homemade lunch for office,EXACT
DST - Bulk/Party,Office Party,house party catering for 20,EXACT
DST - Bulk/Party,Office Party,intimate dinner catering,EXACT
DST - Bulk/Party,Office Party,intimate event catering,PHRASE
DST - Bulk/Party,Office Party,mini catering service,EXACT
DST - Bulk/Party,Office Party,office catering service,EXACT
DST - Bulk/Party,Office Party,office event meal delivery,EXACT
DST - Bulk/Party,Office Party,office get together food,EXACT
DST - Bulk/Party,Office Party,office lunch catering near me,EXACT
DST - Bulk/Party,Office Party,office party buffet food,EXACT
DST - Bulk/Party,Office Party,office party food,EXACT
DST - Bulk/Party,Office Party,office party lunch menu,EXACT
DST - Bulk/Party,Office Party,order homemade food for office party,EXACT
DST - Bulk/Party,Office Party,small event food order,BROAD
DST - Bulk/Party,Office Party,small family gathering catering,EXACT
DST - Bulk/Party,Office Party,small function catering,EXACT
DST - Bulk/Party,Office Party,small function food,PHRASE
DST - Bulk/Party,Office Party,small gathering catering,PHRASE
DST - Bulk/Party,Office Party,small office party catering,EXACT
DST - Bulk/Party,Office Party,small party catering near me,EXACT
DST - Bulk/Party,Office Party,small party food catering,BROAD
DST - Bulk/Party,Office Party,small wedding catering,EXACT
DST - Bulk/Party,Office Party,snacks for office event,EXACT
DST - Bulk/Party,Office Party,south indian meal for team lunch,EXACT
DST - Bulk/Party,Office Party,team lunch catering,EXACT
DST - Bulk/Party,Office Party,where to order home cooked food for office party,EXACT
